cancertypeid,cancertypename
0,Central nervous system tumors
1,Soft tissue sarcomas
2,Retinoblastoma
3,Renal tumors
4,Osteosarcoma
5,Neuroblastoma
6,Nasopharyngeal carcinoma
7,Lymphoma
8,Leukemia
9,Histiocytosis
10,Hepatic tumors
11,Germ cell tumors
12,Ewing sarcoma